date,hits,geo,time,keyword,gprop,category
2004-01-01T00:00:00Z,78,world,all,SPSS,web,174
2004-02-01T00:00:00Z,88,world,all,SPSS,web,174
2004-03-01T00:00:00Z,84,world,all,SPSS,web,174
2004-04-01T00:00:00Z,88,world,all,SPSS,web,174
2004-05-01T00:00:00Z,73,world,all,SPSS,web,174
2004-06-01T00:00:00Z,70,world,all,SPSS,web,174
2004-07-01T00:00:00Z,73,world,all,SPSS,web,174
2004-08-01T00:00:00Z,66,world,all,SPSS,web,174
2004-09-01T00:00:00Z,73,world,all,SPSS,web,174
2004-10-01T00:00:00Z,79,world,all,SPSS,web,174
2004-11-01T00:00:00Z,84,world,all,SPSS,web,174
2004-12-01T00:00:00Z,79,world,all,SPSS,web,174
2005-01-01T00:00:00Z,77,world,all,SPSS,web,174
2005-02-01T00:00:00Z,75,world,all,SPSS,web,174
2005-03-01T00:00:00Z,81,world,all,SPSS,web,174
2005-04-01T00:00:00Z,80,world,all,SPSS,web,174
2005-05-01T00:00:00Z,76,world,all,SPSS,web,174
2005-06-01T00:00:00Z,70,world,all,SPSS,web,174
2005-07-01T00:00:00Z,59,world,all,SPSS,web,174
2005-08-01T00:00:00Z,55,world,all,SPSS,web,174
2005-09-01T00:00:00Z,64,world,all,SPSS,web,174
2005-10-01T00:00:00Z,72,world,all,SPSS,web,174
2005-11-01T00:00:00Z,72,world,all,SPSS,web,174
2005-12-01T00:00:00Z,60,world,all,SPSS,web,174
2006-01-01T00:00:00Z,61,world,all,SPSS,web,174
2006-02-01T00:00:00Z,65,world,all,SPSS,web,174
2006-03-01T00:00:00Z,69,world,all,SPSS,web,174
2006-04-01T00:00:00Z,70,world,all,SPSS,web,174
2006-05-01T00:00:00Z,67,world,all,SPSS,web,174
2006-06-01T00:00:00Z,61,world,all,SPSS,web,174
2006-07-01T00:00:00Z,48,world,all,SPSS,web,174
2006-08-01T00:00:00Z,47,world,all,SPSS,web,174
2006-09-01T00:00:00Z,54,world,all,SPSS,web,174
2006-10-01T00:00:00Z,59,world,all,SPSS,web,174
2006-11-01T00:00:00Z,63,world,all,SPSS,web,174
2006-12-01T00:00:00Z,55,world,all,SPSS,web,174
2007-01-01T00:00:00Z,55,world,all,SPSS,web,174
2007-02-01T00:00:00Z,56,world,all,SPSS,web,174
2007-03-01T00:00:00Z,65,world,all,SPSS,web,174
2007-04-01T00:00:00Z,60,world,all,SPSS,web,174
2007-05-01T00:00:00Z,59,world,all,SPSS,web,174
2007-06-01T00:00:00Z,52,world,all,SPSS,web,174
2007-07-01T00:00:00Z,48,world,all,SPSS,web,174
2007-08-01T00:00:00Z,45,world,all,SPSS,web,174
2007-09-01T00:00:00Z,52,world,all,SPSS,web,174
2007-10-01T00:00:00Z,57,world,all,SPSS,web,174
2007-11-01T00:00:00Z,57,world,all,SPSS,web,174
2007-12-01T00:00:00Z,47,world,all,SPSS,web,174
2008-01-01T00:00:00Z,52,world,all,SPSS,web,174
2008-02-01T00:00:00Z,52,world,all,SPSS,web,174
2008-03-01T00:00:00Z,52,world,all,SPSS,web,174
2008-04-01T00:00:00Z,59,world,all,SPSS,web,174
2008-05-01T00:00:00Z,54,world,all,SPSS,web,174
2008-06-01T00:00:00Z,49,world,all,SPSS,web,174
2008-07-01T00:00:00Z,42,world,all,SPSS,web,174
2008-08-01T00:00:00Z,39,world,all,SPSS,web,174
2008-09-01T00:00:00Z,48,world,all,SPSS,web,174
2008-10-01T00:00:00Z,51,world,all,SPSS,web,174
2008-11-01T00:00:00Z,54,world,all,SPSS,web,174
2008-12-01T00:00:00Z,47,world,all,SPSS,web,174
2009-01-01T00:00:00Z,45,world,all,SPSS,web,174
2009-02-01T00:00:00Z,49,world,all,SPSS,web,174
2009-03-01T00:00:00Z,56,world,all,SPSS,web,174
2009-04-01T00:00:00Z,58,world,all,SPSS,web,174
2009-05-01T00:00:00Z,52,world,all,SPSS,web,174
2009-06-01T00:00:00Z,48,world,all,SPSS,web,174
2009-07-01T00:00:00Z,44,world,all,SPSS,web,174
2009-08-01T00:00:00Z,41,world,all,SPSS,web,174
2009-09-01T00:00:00Z,47,world,all,SPSS,web,174
2009-10-01T00:00:00Z,50,world,all,SPSS,web,174
2009-11-01T00:00:00Z,53,world,all,SPSS,web,174
2009-12-01T00:00:00Z,45,world,all,SPSS,web,174
2010-01-01T00:00:00Z,48,world,all,SPSS,web,174
2010-02-01T00:00:00Z,47,world,all,SPSS,web,174
2010-03-01T00:00:00Z,55,world,all,SPSS,web,174
2010-04-01T00:00:00Z,53,world,all,SPSS,web,174
2010-05-01T00:00:00Z,53,world,all,SPSS,web,174
2010-06-01T00:00:00Z,48,world,all,SPSS,web,174
2010-07-01T00:00:00Z,38,world,all,SPSS,web,174
2010-08-01T00:00:00Z,39,world,all,SPSS,web,174
2010-09-01T00:00:00Z,42,world,all,SPSS,web,174
2010-10-01T00:00:00Z,45,world,all,SPSS,web,174
2010-11-01T00:00:00Z,46,world,all,SPSS,web,174
2010-12-01T00:00:00Z,42,world,all,SPSS,web,174
2011-01-01T00:00:00Z,43,world,all,SPSS,web,174
2011-02-01T00:00:00Z,44,world,all,SPSS,web,174
2011-03-01T00:00:00Z,47,world,all,SPSS,web,174
2011-04-01T00:00:00Z,49,world,all,SPSS,web,174
2011-05-01T00:00:00Z,48,world,all,SPSS,web,174
2011-06-01T00:00:00Z,41,world,all,SPSS,web,174
2011-07-01T00:00:00Z,34,world,all,SPSS,web,174
2011-08-01T00:00:00Z,34,world,all,SPSS,web,174
2011-09-01T00:00:00Z,40,world,all,SPSS,web,174
2011-10-01T00:00:00Z,42,world,all,SPSS,web,174
2011-11-01T00:00:00Z,46,world,all,SPSS,web,174
2011-12-01T00:00:00Z,39,world,all,SPSS,web,174
2012-01-01T00:00:00Z,39,world,all,SPSS,web,174
2012-02-01T00:00:00Z,41,world,all,SPSS,web,174
2012-03-01T00:00:00Z,45,world,all,SPSS,web,174
2012-04-01T00:00:00Z,45,world,all,SPSS,web,174
2012-05-01T00:00:00Z,45,world,all,SPSS,web,174
2012-06-01T00:00:00Z,41,world,all,SPSS,web,174
2012-07-01T00:00:00Z,35,world,all,SPSS,web,174
2012-08-01T00:00:00Z,31,world,all,SPSS,web,174
2012-09-01T00:00:00Z,37,world,all,SPSS,web,174
2012-10-01T00:00:00Z,38,world,all,SPSS,web,174
2012-11-01T00:00:00Z,42,world,all,SPSS,web,174
2012-12-01T00:00:00Z,35,world,all,SPSS,web,174
2013-01-01T00:00:00Z,36,world,all,SPSS,web,174
2013-02-01T00:00:00Z,38,world,all,SPSS,web,174
2013-03-01T00:00:00Z,39,world,all,SPSS,web,174
2013-04-01T00:00:00Z,43,world,all,SPSS,web,174
2013-05-01T00:00:00Z,42,world,all,SPSS,web,174
2013-06-01T00:00:00Z,37,world,all,SPSS,web,174
2013-07-01T00:00:00Z,31,world,all,SPSS,web,174
2013-08-01T00:00:00Z,27,world,all,SPSS,web,174
2013-09-01T00:00:00Z,34,world,all,SPSS,web,174
2013-10-01T00:00:00Z,36,world,all,SPSS,web,174
2013-11-01T00:00:00Z,39,world,all,SPSS,web,174
2013-12-01T00:00:00Z,33,world,all,SPSS,web,174
2014-01-01T00:00:00Z,34,world,all,SPSS,web,174
2014-02-01T00:00:00Z,35,world,all,SPSS,web,174
2014-03-01T00:00:00Z,39,world,all,SPSS,web,174
2014-04-01T00:00:00Z,42,world,all,SPSS,web,174
2014-05-01T00:00:00Z,40,world,all,SPSS,web,174
2014-06-01T00:00:00Z,37,world,all,SPSS,web,174
2014-07-01T00:00:00Z,29,world,all,SPSS,web,174
2014-08-01T00:00:00Z,27,world,all,SPSS,web,174
2014-09-01T00:00:00Z,32,world,all,SPSS,web,174
2014-10-01T00:00:00Z,35,world,all,SPSS,web,174
2014-11-01T00:00:00Z,40,world,all,SPSS,web,174
2014-12-01T00:00:00Z,35,world,all,SPSS,web,174
2015-01-01T00:00:00Z,31,world,all,SPSS,web,174
2015-02-01T00:00:00Z,33,world,all,SPSS,web,174
2015-03-01T00:00:00Z,38,world,all,SPSS,web,174
2015-04-01T00:00:00Z,41,world,all,SPSS,web,174
2015-05-01T00:00:00Z,40,world,all,SPSS,web,174
2015-06-01T00:00:00Z,36,world,all,SPSS,web,174
2015-07-01T00:00:00Z,28,world,all,SPSS,web,174
2015-08-01T00:00:00Z,26,world,all,SPSS,web,174
2015-09-01T00:00:00Z,31,world,all,SPSS,web,174
2015-10-01T00:00:00Z,34,world,all,SPSS,web,174
2015-11-01T00:00:00Z,38,world,all,SPSS,web,174
2015-12-01T00:00:00Z,33,world,all,SPSS,web,174
2016-01-01T00:00:00Z,32,world,all,SPSS,web,174
2016-02-01T00:00:00Z,32,world,all,SPSS,web,174
2016-03-01T00:00:00Z,36,world,all,SPSS,web,174
2016-04-01T00:00:00Z,39,world,all,SPSS,web,174
2016-05-01T00:00:00Z,40,world,all,SPSS,web,174
2016-06-01T00:00:00Z,34,world,all,SPSS,web,174
2016-07-01T00:00:00Z,25,world,all,SPSS,web,174
2016-08-01T00:00:00Z,27,world,all,SPSS,web,174
2016-09-01T00:00:00Z,28,world,all,SPSS,web,174
2016-10-01T00:00:00Z,31,world,all,SPSS,web,174
2016-11-01T00:00:00Z,37,world,all,SPSS,web,174
2016-12-01T00:00:00Z,32,world,all,SPSS,web,174
2017-01-01T00:00:00Z,29,world,all,SPSS,web,174
2017-02-01T00:00:00Z,31,world,all,SPSS,web,174
2017-03-01T00:00:00Z,35,world,all,SPSS,web,174
2017-04-01T00:00:00Z,37,world,all,SPSS,web,174
2017-05-01T00:00:00Z,36,world,all,SPSS,web,174
2017-06-01T00:00:00Z,28,world,all,SPSS,web,174
2017-07-01T00:00:00Z,25,world,all,SPSS,web,174
2017-08-01T00:00:00Z,23,world,all,SPSS,web,174
2017-09-01T00:00:00Z,25,world,all,SPSS,web,174
2017-10-01T00:00:00Z,29,world,all,SPSS,web,174
2017-11-01T00:00:00Z,33,world,all,SPSS,web,174
2017-12-01T00:00:00Z,28,world,all,SPSS,web,174
2018-01-01T00:00:00Z,27,world,all,SPSS,web,174
2018-02-01T00:00:00Z,26,world,all,SPSS,web,174
2018-03-01T00:00:00Z,29,world,all,SPSS,web,174
2018-04-01T00:00:00Z,33,world,all,SPSS,web,174
2018-05-01T00:00:00Z,33,world,all,SPSS,web,174
2018-06-01T00:00:00Z,25,world,all,SPSS,web,174
2018-07-01T00:00:00Z,24,world,all,SPSS,web,174
2018-08-01T00:00:00Z,22,world,all,SPSS,web,174
2018-09-01T00:00:00Z,24,world,all,SPSS,web,174
2018-10-01T00:00:00Z,27,world,all,SPSS,web,174
2018-11-01T00:00:00Z,30,world,all,SPSS,web,174
2018-12-01T00:00:00Z,24,world,all,SPSS,web,174
2019-01-01T00:00:00Z,24,world,all,SPSS,web,174
2019-02-01T00:00:00Z,25,world,all,SPSS,web,174
2019-03-01T00:00:00Z,28,world,all,SPSS,web,174
2019-04-01T00:00:00Z,29,world,all,SPSS,web,174
2019-05-01T00:00:00Z,29,world,all,SPSS,web,174
2019-06-01T00:00:00Z,25,world,all,SPSS,web,174
2019-07-01T00:00:00Z,23,world,all,SPSS,web,174
2019-08-01T00:00:00Z,20,world,all,SPSS,web,174
2019-09-01T00:00:00Z,23,world,all,SPSS,web,174
2019-10-01T00:00:00Z,26,world,all,SPSS,web,174
2019-11-01T00:00:00Z,27,world,all,SPSS,web,174
2019-12-01T00:00:00Z,23,world,all,SPSS,web,174
2020-01-01T00:00:00Z,22,world,all,SPSS,web,174
2020-02-01T00:00:00Z,23,world,all,SPSS,web,174
2020-03-01T00:00:00Z,24,world,all,SPSS,web,174
2004-01-01T00:00:00Z,7,world,all,Stata,web,174
2004-02-01T00:00:00Z,7,world,all,Stata,web,174
2004-03-01T00:00:00Z,4,world,all,Stata,web,174
2004-04-01T00:00:00Z,7,world,all,Stata,web,174
2004-05-01T00:00:00Z,8,world,all,Stata,web,174
2004-06-01T00:00:00Z,6,world,all,Stata,web,174
2004-07-01T00:00:00Z,3,world,all,Stata,web,174
2004-08-01T00:00:00Z,6,world,all,Stata,web,174
2004-09-01T00:00:00Z,6,world,all,Stata,web,174
2004-10-01T00:00:00Z,8,world,all,Stata,web,174
2004-11-01T00:00:00Z,6,world,all,Stata,web,174
2004-12-01T00:00:00Z,5,world,all,Stata,web,174
2005-01-01T00:00:00Z,6,world,all,Stata,web,174
2005-02-01T00:00:00Z,7,world,all,Stata,web,174
2005-03-01T00:00:00Z,7,world,all,Stata,web,174
2005-04-01T00:00:00Z,7,world,all,Stata,web,174
2005-05-01T00:00:00Z,7,world,all,Stata,web,174
2005-06-01T00:00:00Z,8,world,all,Stata,web,174
2005-07-01T00:00:00Z,7,world,all,Stata,web,174
2005-08-01T00:00:00Z,6,world,all,Stata,web,174
2005-09-01T00:00:00Z,6,world,all,Stata,web,174
2005-10-01T00:00:00Z,8,world,all,Stata,web,174
2005-11-01T00:00:00Z,6,world,all,Stata,web,174
2005-12-01T00:00:00Z,6,world,all,Stata,web,174
2006-01-01T00:00:00Z,6,world,all,Stata,web,174
2006-02-01T00:00:00Z,8,world,all,Stata,web,174
2006-03-01T00:00:00Z,7,world,all,Stata,web,174
2006-04-01T00:00:00Z,7,world,all,Stata,web,174
2006-05-01T00:00:00Z,7,world,all,Stata,web,174
2006-06-01T00:00:00Z,6,world,all,Stata,web,174
2006-07-01T00:00:00Z,5,world,all,Stata,web,174
2006-08-01T00:00:00Z,6,world,all,Stata,web,174
2006-09-01T00:00:00Z,5,world,all,Stata,web,174
2006-10-01T00:00:00Z,5,world,all,Stata,web,174
2006-11-01T00:00:00Z,5,world,all,Stata,web,174
2006-12-01T00:00:00Z,6,world,all,Stata,web,174
2007-01-01T00:00:00Z,5,world,all,Stata,web,174
2007-02-01T00:00:00Z,6,world,all,Stata,web,174
2007-03-01T00:00:00Z,5,world,all,Stata,web,174
2007-04-01T00:00:00Z,6,world,all,Stata,web,174
2007-05-01T00:00:00Z,5,world,all,Stata,web,174
2007-06-01T00:00:00Z,6,world,all,Stata,web,174
2007-07-01T00:00:00Z,5,world,all,Stata,web,174
2007-08-01T00:00:00Z,5,world,all,Stata,web,174
2007-09-01T00:00:00Z,6,world,all,Stata,web,174
2007-10-01T00:00:00Z,8,world,all,Stata,web,174
2007-11-01T00:00:00Z,6,world,all,Stata,web,174
2007-12-01T00:00:00Z,4,world,all,Stata,web,174
2008-01-01T00:00:00Z,4,world,all,Stata,web,174
2008-02-01T00:00:00Z,6,world,all,Stata,web,174
2008-03-01T00:00:00Z,6,world,all,Stata,web,174
2008-04-01T00:00:00Z,7,world,all,Stata,web,174
2008-05-01T00:00:00Z,6,world,all,Stata,web,174
2008-06-01T00:00:00Z,5,world,all,Stata,web,174
2008-07-01T00:00:00Z,5,world,all,Stata,web,174
2008-08-01T00:00:00Z,4,world,all,Stata,web,174
2008-09-01T00:00:00Z,6,world,all,Stata,web,174
2008-10-01T00:00:00Z,6,world,all,Stata,web,174
2008-11-01T00:00:00Z,6,world,all,Stata,web,174
2008-12-01T00:00:00Z,4,world,all,Stata,web,174
2009-01-01T00:00:00Z,5,world,all,Stata,web,174
2009-02-01T00:00:00Z,5,world,all,Stata,web,174
2009-03-01T00:00:00Z,7,world,all,Stata,web,174
2009-04-01T00:00:00Z,6,world,all,Stata,web,174
2009-05-01T00:00:00Z,5,world,all,Stata,web,174
2009-06-01T00:00:00Z,6,world,all,Stata,web,174
2009-07-01T00:00:00Z,5,world,all,Stata,web,174
2009-08-01T00:00:00Z,5,world,all,Stata,web,174
2009-09-01T00:00:00Z,6,world,all,Stata,web,174
2009-10-01T00:00:00Z,6,world,all,Stata,web,174
2009-11-01T00:00:00Z,6,world,all,Stata,web,174
2009-12-01T00:00:00Z,5,world,all,Stata,web,174
2010-01-01T00:00:00Z,4,world,all,Stata,web,174
2010-02-01T00:00:00Z,5,world,all,Stata,web,174
2010-03-01T00:00:00Z,6,world,all,Stata,web,174
2010-04-01T00:00:00Z,7,world,all,Stata,web,174
2010-05-01T00:00:00Z,6,world,all,Stata,web,174
2010-06-01T00:00:00Z,6,world,all,Stata,web,174
2010-07-01T00:00:00Z,5,world,all,Stata,web,174
2010-08-01T00:00:00Z,5,world,all,Stata,web,174
2010-09-01T00:00:00Z,5,world,all,Stata,web,174
2010-10-01T00:00:00Z,6,world,all,Stata,web,174
2010-11-01T00:00:00Z,6,world,all,Stata,web,174
2010-12-01T00:00:00Z,5,world,all,Stata,web,174
2011-01-01T00:00:00Z,5,world,all,Stata,web,174
2011-02-01T00:00:00Z,6,world,all,Stata,web,174
2011-03-01T00:00:00Z,6,world,all,Stata,web,174
2011-04-01T00:00:00Z,7,world,all,Stata,web,174
2011-05-01T00:00:00Z,6,world,all,Stata,web,174
2011-06-01T00:00:00Z,5,world,all,Stata,web,174
2011-07-01T00:00:00Z,5,world,all,Stata,web,174
2011-08-01T00:00:00Z,5,world,all,Stata,web,174
2011-09-01T00:00:00Z,5,world,all,Stata,web,174
2011-10-01T00:00:00Z,6,world,all,Stata,web,174
2011-11-01T00:00:00Z,6,world,all,Stata,web,174
2011-12-01T00:00:00Z,5,world,all,Stata,web,174
2012-01-01T00:00:00Z,5,world,all,Stata,web,174
2012-02-01T00:00:00Z,6,world,all,Stata,web,174
2012-03-01T00:00:00Z,6,world,all,Stata,web,174
2012-04-01T00:00:00Z,6,world,all,Stata,web,174
2012-05-01T00:00:00Z,5,world,all,Stata,web,174
2012-06-01T00:00:00Z,5,world,all,Stata,web,174
2012-07-01T00:00:00Z,5,world,all,Stata,web,174
2012-08-01T00:00:00Z,5,world,all,Stata,web,174
2012-09-01T00:00:00Z,5,world,all,Stata,web,174
2012-10-01T00:00:00Z,6,world,all,Stata,web,174
2012-11-01T00:00:00Z,6,world,all,Stata,web,174
2012-12-01T00:00:00Z,5,world,all,Stata,web,174
2013-01-01T00:00:00Z,5,world,all,Stata,web,174
2013-02-01T00:00:00Z,6,world,all,Stata,web,174
2013-03-01T00:00:00Z,6,world,all,Stata,web,174
2013-04-01T00:00:00Z,6,world,all,Stata,web,174
2013-05-01T00:00:00Z,6,world,all,Stata,web,174
2013-06-01T00:00:00Z,5,world,all,Stata,web,174
2013-07-01T00:00:00Z,5,world,all,Stata,web,174
2013-08-01T00:00:00Z,5,world,all,Stata,web,174
2013-09-01T00:00:00Z,5,world,all,Stata,web,174
2013-10-01T00:00:00Z,6,world,all,Stata,web,174
2013-11-01T00:00:00Z,6,world,all,Stata,web,174
2013-12-01T00:00:00Z,5,world,all,Stata,web,174
2014-01-01T00:00:00Z,5,world,all,Stata,web,174
2014-02-01T00:00:00Z,6,world,all,Stata,web,174
2014-03-01T00:00:00Z,6,world,all,Stata,web,174
2014-04-01T00:00:00Z,7,world,all,Stata,web,174
2014-05-01T00:00:00Z,6,world,all,Stata,web,174
2014-06-01T00:00:00Z,5,world,all,Stata,web,174
2014-07-01T00:00:00Z,5,world,all,Stata,web,174
2014-08-01T00:00:00Z,5,world,all,Stata,web,174
2014-09-01T00:00:00Z,6,world,all,Stata,web,174
2014-10-01T00:00:00Z,7,world,all,Stata,web,174
2014-11-01T00:00:00Z,6,world,all,Stata,web,174
2014-12-01T00:00:00Z,5,world,all,Stata,web,174
2015-01-01T00:00:00Z,5,world,all,Stata,web,174
2015-02-01T00:00:00Z,6,world,all,Stata,web,174
2015-03-01T00:00:00Z,7,world,all,Stata,web,174
2015-04-01T00:00:00Z,7,world,all,Stata,web,174
2015-05-01T00:00:00Z,6,world,all,Stata,web,174
2015-06-01T00:00:00Z,6,world,all,Stata,web,174
2015-07-01T00:00:00Z,5,world,all,Stata,web,174
2015-08-01T00:00:00Z,5,world,all,Stata,web,174
2015-09-01T00:00:00Z,6,world,all,Stata,web,174
2015-10-01T00:00:00Z,6,world,all,Stata,web,174
2015-11-01T00:00:00Z,6,world,all,Stata,web,174
2015-12-01T00:00:00Z,5,world,all,Stata,web,174
2016-01-01T00:00:00Z,5,world,all,Stata,web,174
2016-02-01T00:00:00Z,6,world,all,Stata,web,174
2016-03-01T00:00:00Z,7,world,all,Stata,web,174
2016-04-01T00:00:00Z,8,world,all,Stata,web,174
2016-05-01T00:00:00Z,8,world,all,Stata,web,174
2016-06-01T00:00:00Z,6,world,all,Stata,web,174
2016-07-01T00:00:00Z,5,world,all,Stata,web,174
2016-08-01T00:00:00Z,5,world,all,Stata,web,174
2016-09-01T00:00:00Z,6,world,all,Stata,web,174
2016-10-01T00:00:00Z,6,world,all,Stata,web,174
2016-11-01T00:00:00Z,7,world,all,Stata,web,174
2016-12-01T00:00:00Z,6,world,all,Stata,web,174
2017-01-01T00:00:00Z,5,world,all,Stata,web,174
2017-02-01T00:00:00Z,7,world,all,Stata,web,174
2017-03-01T00:00:00Z,7,world,all,Stata,web,174
2017-04-01T00:00:00Z,8,world,all,Stata,web,174
2017-05-01T00:00:00Z,7,world,all,Stata,web,174
2017-06-01T00:00:00Z,5,world,all,Stata,web,174
2017-07-01T00:00:00Z,5,world,all,Stata,web,174
2017-08-01T00:00:00Z,5,world,all,Stata,web,174
2017-09-01T00:00:00Z,6,world,all,Stata,web,174
2017-10-01T00:00:00Z,6,world,all,Stata,web,174
2017-11-01T00:00:00Z,7,world,all,Stata,web,174
2017-12-01T00:00:00Z,5,world,all,Stata,web,174
2018-01-01T00:00:00Z,5,world,all,Stata,web,174
2018-02-01T00:00:00Z,6,world,all,Stata,web,174
2018-03-01T00:00:00Z,6,world,all,Stata,web,174
2018-04-01T00:00:00Z,7,world,all,Stata,web,174
2018-05-01T00:00:00Z,6,world,all,Stata,web,174
2018-06-01T00:00:00Z,5,world,all,Stata,web,174
2018-07-01T00:00:00Z,5,world,all,Stata,web,174
2018-08-01T00:00:00Z,5,world,all,Stata,web,174
2018-09-01T00:00:00Z,5,world,all,Stata,web,174
2018-10-01T00:00:00Z,6,world,all,Stata,web,174
2018-11-01T00:00:00Z,6,world,all,Stata,web,174
2018-12-01T00:00:00Z,5,world,all,Stata,web,174
2019-01-01T00:00:00Z,5,world,all,Stata,web,174
2019-02-01T00:00:00Z,6,world,all,Stata,web,174
2019-03-01T00:00:00Z,5,world,all,Stata,web,174
2019-04-01T00:00:00Z,6,world,all,Stata,web,174
2019-05-01T00:00:00Z,5,world,all,Stata,web,174
2019-06-01T00:00:00Z,5,world,all,Stata,web,174
2019-07-01T00:00:00Z,4,world,all,Stata,web,174
2019-08-01T00:00:00Z,4,world,all,Stata,web,174
2019-09-01T00:00:00Z,5,world,all,Stata,web,174
2019-10-01T00:00:00Z,5,world,all,Stata,web,174
2019-11-01T00:00:00Z,5,world,all,Stata,web,174
2019-12-01T00:00:00Z,4,world,all,Stata,web,174
2020-01-01T00:00:00Z,4,world,all,Stata,web,174
2020-02-01T00:00:00Z,5,world,all,Stata,web,174
2020-03-01T00:00:00Z,5,world,all,Stata,web,174
2004-01-01T00:00:00Z,52,world,all,R,web,174
2004-02-01T00:00:00Z,59,world,all,R,web,174
2004-03-01T00:00:00Z,58,world,all,R,web,174
2004-04-01T00:00:00Z,54,world,all,R,web,174
2004-05-01T00:00:00Z,52,world,all,R,web,174
2004-06-01T00:00:00Z,50,world,all,R,web,174
2004-07-01T00:00:00Z,46,world,all,R,web,174
2004-08-01T00:00:00Z,45,world,all,R,web,174
2004-09-01T00:00:00Z,49,world,all,R,web,174
2004-10-01T00:00:00Z,58,world,all,R,web,174
2004-11-01T00:00:00Z,57,world,all,R,web,174
2004-12-01T00:00:00Z,50,world,all,R,web,174
2005-01-01T00:00:00Z,51,world,all,R,web,174
2005-02-01T00:00:00Z,60,world,all,R,web,174
2005-03-01T00:00:00Z,53,world,all,R,web,174
2005-04-01T00:00:00Z,54,world,all,R,web,174
2005-05-01T00:00:00Z,52,world,all,R,web,174
2005-06-01T00:00:00Z,50,world,all,R,web,174
2005-07-01T00:00:00Z,46,world,all,R,web,174
2005-08-01T00:00:00Z,39,world,all,R,web,174
2005-09-01T00:00:00Z,49,world,all,R,web,174
2005-10-01T00:00:00Z,58,world,all,R,web,174
2005-11-01T00:00:00Z,56,world,all,R,web,174
2005-12-01T00:00:00Z,51,world,all,R,web,174
2006-01-01T00:00:00Z,48,world,all,R,web,174
2006-02-01T00:00:00Z,55,world,all,R,web,174
2006-03-01T00:00:00Z,54,world,all,R,web,174
2006-04-01T00:00:00Z,54,world,all,R,web,174
2006-05-01T00:00:00Z,51,world,all,R,web,174
2006-06-01T00:00:00Z,44,world,all,R,web,174
2006-07-01T00:00:00Z,39,world,all,R,web,174
2006-08-01T00:00:00Z,42,world,all,R,web,174
2006-09-01T00:00:00Z,48,world,all,R,web,174
2006-10-01T00:00:00Z,49,world,all,R,web,174
2006-11-01T00:00:00Z,54,world,all,R,web,174
2006-12-01T00:00:00Z,44,world,all,R,web,174
2007-01-01T00:00:00Z,43,world,all,R,web,174
2007-02-01T00:00:00Z,48,world,all,R,web,174
2007-03-01T00:00:00Z,48,world,all,R,web,174
2007-04-01T00:00:00Z,47,world,all,R,web,174
2007-05-01T00:00:00Z,47,world,all,R,web,174
2007-06-01T00:00:00Z,45,world,all,R,web,174
2007-07-01T00:00:00Z,41,world,all,R,web,174
2007-08-01T00:00:00Z,40,world,all,R,web,174
2007-09-01T00:00:00Z,46,world,all,R,web,174
2007-10-01T00:00:00Z,55,world,all,R,web,174
2007-11-01T00:00:00Z,52,world,all,R,web,174
2007-12-01T00:00:00Z,43,world,all,R,web,174
2008-01-01T00:00:00Z,45,world,all,R,web,174
2008-02-01T00:00:00Z,50,world,all,R,web,174
2008-03-01T00:00:00Z,47,world,all,R,web,174
2008-04-01T00:00:00Z,51,world,all,R,web,174
2008-05-01T00:00:00Z,47,world,all,R,web,174
2008-06-01T00:00:00Z,42,world,all,R,web,174
2008-07-01T00:00:00Z,45,world,all,R,web,174
2008-08-01T00:00:00Z,39,world,all,R,web,174
2008-09-01T00:00:00Z,51,world,all,R,web,174
2008-10-01T00:00:00Z,51,world,all,R,web,174
2008-11-01T00:00:00Z,50,world,all,R,web,174
2008-12-01T00:00:00Z,44,world,all,R,web,174
2009-01-01T00:00:00Z,46,world,all,R,web,174
2009-02-01T00:00:00Z,52,world,all,R,web,174
2009-03-01T00:00:00Z,50,world,all,R,web,174
2009-04-01T00:00:00Z,52,world,all,R,web,174
2009-05-01T00:00:00Z,50,world,all,R,web,174
2009-06-01T00:00:00Z,45,world,all,R,web,174
2009-07-01T00:00:00Z,41,world,all,R,web,174
2009-08-01T00:00:00Z,40,world,all,R,web,174
2009-09-01T00:00:00Z,52,world,all,R,web,174
2009-10-01T00:00:00Z,58,world,all,R,web,174
2009-11-01T00:00:00Z,56,world,all,R,web,174
2009-12-01T00:00:00Z,48,world,all,R,web,174
2010-01-01T00:00:00Z,46,world,all,R,web,174
2010-02-01T00:00:00Z,53,world,all,R,web,174
2010-03-01T00:00:00Z,57,world,all,R,web,174
2010-04-01T00:00:00Z,59,world,all,R,web,174
2010-05-01T00:00:00Z,54,world,all,R,web,174
2010-06-01T00:00:00Z,49,world,all,R,web,174
2010-07-01T00:00:00Z,42,world,all,R,web,174
2010-08-01T00:00:00Z,44,world,all,R,web,174
2010-09-01T00:00:00Z,51,world,all,R,web,174
2010-10-01T00:00:00Z,59,world,all,R,web,174
2010-11-01T00:00:00Z,61,world,all,R,web,174
2010-12-01T00:00:00Z,53,world,all,R,web,174
2011-01-01T00:00:00Z,52,world,all,R,web,174
2011-02-01T00:00:00Z,59,world,all,R,web,174
2011-03-01T00:00:00Z,61,world,all,R,web,174
2011-04-01T00:00:00Z,59,world,all,R,web,174
2011-05-01T00:00:00Z,56,world,all,R,web,174
2011-06-01T00:00:00Z,51,world,all,R,web,174
2011-07-01T00:00:00Z,43,world,all,R,web,174
2011-08-01T00:00:00Z,45,world,all,R,web,174
2011-09-01T00:00:00Z,58,world,all,R,web,174
2011-10-01T00:00:00Z,65,world,all,R,web,174
2011-11-01T00:00:00Z,69,world,all,R,web,174
2011-12-01T00:00:00Z,58,world,all,R,web,174
2012-01-01T00:00:00Z,56,world,all,R,web,174
2012-02-01T00:00:00Z,63,world,all,R,web,174
2012-03-01T00:00:00Z,64,world,all,R,web,174
2012-04-01T00:00:00Z,64,world,all,R,web,174
2012-05-01T00:00:00Z,63,world,all,R,web,174
2012-06-01T00:00:00Z,53,world,all,R,web,174
2012-07-01T00:00:00Z,48,world,all,R,web,174
2012-08-01T00:00:00Z,51,world,all,R,web,174
2012-09-01T00:00:00Z,62,world,all,R,web,174
2012-10-01T00:00:00Z,69,world,all,R,web,174
2012-11-01T00:00:00Z,67,world,all,R,web,174
2012-12-01T00:00:00Z,55,world,all,R,web,174
2013-01-01T00:00:00Z,58,world,all,R,web,174
2013-02-01T00:00:00Z,67,world,all,R,web,174
2013-03-01T00:00:00Z,66,world,all,R,web,174
2013-04-01T00:00:00Z,70,world,all,R,web,174
2013-05-01T00:00:00Z,63,world,all,R,web,174
2013-06-01T00:00:00Z,56,world,all,R,web,174
2013-07-01T00:00:00Z,52,world,all,R,web,174
2013-08-01T00:00:00Z,48,world,all,R,web,174
2013-09-01T00:00:00Z,65,world,all,R,web,174
2013-10-01T00:00:00Z,73,world,all,R,web,174
2013-11-01T00:00:00Z,74,world,all,R,web,174
2013-12-01T00:00:00Z,60,world,all,R,web,174
2014-01-01T00:00:00Z,58,world,all,R,web,174
2014-02-01T00:00:00Z,71,world,all,R,web,174
2014-03-01T00:00:00Z,72,world,all,R,web,174
2014-04-01T00:00:00Z,75,world,all,R,web,174
2014-05-01T00:00:00Z,68,world,all,R,web,174
2014-06-01T00:00:00Z,61,world,all,R,web,174
2014-07-01T00:00:00Z,55,world,all,R,web,174
2014-08-01T00:00:00Z,55,world,all,R,web,174
2014-09-01T00:00:00Z,73,world,all,R,web,174
2014-10-01T00:00:00Z,79,world,all,R,web,174
2014-11-01T00:00:00Z,78,world,all,R,web,174
2014-12-01T00:00:00Z,66,world,all,R,web,174
2015-01-01T00:00:00Z,64,world,all,R,web,174
2015-02-01T00:00:00Z,77,world,all,R,web,174
2015-03-01T00:00:00Z,80,world,all,R,web,174
2015-04-01T00:00:00Z,82,world,all,R,web,174
2015-05-01T00:00:00Z,75,world,all,R,web,174
2015-06-01T00:00:00Z,68,world,all,R,web,174
2015-07-01T00:00:00Z,62,world,all,R,web,174
2015-08-01T00:00:00Z,59,world,all,R,web,174
2015-09-01T00:00:00Z,77,world,all,R,web,174
2015-10-01T00:00:00Z,83,world,all,R,web,174
2015-11-01T00:00:00Z,84,world,all,R,web,174
2015-12-01T00:00:00Z,73,world,all,R,web,174
2016-01-01T00:00:00Z,69,world,all,R,web,174
2016-02-01T00:00:00Z,85,world,all,R,web,174
2016-03-01T00:00:00Z,87,world,all,R,web,174
2016-04-01T00:00:00Z,89,world,all,R,web,174
2016-05-01T00:00:00Z,82,world,all,R,web,174
2016-06-01T00:00:00Z,74,world,all,R,web,174
2016-07-01T00:00:00Z,61,world,all,R,web,174
2016-08-01T00:00:00Z,63,world,all,R,web,174
2016-09-01T00:00:00Z,81,world,all,R,web,174
2016-10-01T00:00:00Z,86,world,all,R,web,174
2016-11-01T00:00:00Z,91,world,all,R,web,174
2016-12-01T00:00:00Z,79,world,all,R,web,174
2017-01-01T00:00:00Z,76,world,all,R,web,174
2017-02-01T00:00:00Z,93,world,all,R,web,174
2017-03-01T00:00:00Z,96,world,all,R,web,174
2017-04-01T00:00:00Z,98,world,all,R,web,174
2017-05-01T00:00:00Z,90,world,all,R,web,174
2017-06-01T00:00:00Z,77,world,all,R,web,174
2017-07-01T00:00:00Z,66,world,all,R,web,174
2017-08-01T00:00:00Z,70,world,all,R,web,174
2017-09-01T00:00:00Z,85,world,all,R,web,174
2017-10-01T00:00:00Z,93,world,all,R,web,174
2017-11-01T00:00:00Z,100,world,all,R,web,174
2017-12-01T00:00:00Z,79,world,all,R,web,174
2018-01-01T00:00:00Z,78,world,all,R,web,174
2018-02-01T00:00:00Z,89,world,all,R,web,174
2018-03-01T00:00:00Z,90,world,all,R,web,174
2018-04-01T00:00:00Z,94,world,all,R,web,174
2018-05-01T00:00:00Z,87,world,all,R,web,174
2018-06-01T00:00:00Z,77,world,all,R,web,174
2018-07-01T00:00:00Z,66,world,all,R,web,174
2018-08-01T00:00:00Z,70,world,all,R,web,174
2018-09-01T00:00:00Z,84,world,all,R,web,174
2018-10-01T00:00:00Z,97,world,all,R,web,174
2018-11-01T00:00:00Z,92,world,all,R,web,174
2018-12-01T00:00:00Z,74,world,all,R,web,174
2019-01-01T00:00:00Z,74,world,all,R,web,174
2019-02-01T00:00:00Z,88,world,all,R,web,174
2019-03-01T00:00:00Z,90,world,all,R,web,174
2019-04-01T00:00:00Z,91,world,all,R,web,174
2019-05-01T00:00:00Z,83,world,all,R,web,174
2019-06-01T00:00:00Z,72,world,all,R,web,174
2019-07-01T00:00:00Z,67,world,all,R,web,174
2019-08-01T00:00:00Z,68,world,all,R,web,174
2019-09-01T00:00:00Z,87,world,all,R,web,174
2019-10-01T00:00:00Z,93,world,all,R,web,174
2019-11-01T00:00:00Z,90,world,all,R,web,174
2019-12-01T00:00:00Z,75,world,all,R,web,174
2020-01-01T00:00:00Z,73,world,all,R,web,174
2020-02-01T00:00:00Z,91,world,all,R,web,174
2020-03-01T00:00:00Z,84,world,all,R,web,174
